"LID","CaseAPSplitByRef"
10,"A unsplit"
100,"A split"
101,"A unsplit"
1010,"A unsplit"
1014,"A unsplit"
1018,"A unsplit"
103,"A unsplit"
104,"A unsplit"
1042,"A unsplit"
1053,"A unsplit"
1054,"A unsplit"
1056,"A unsplit"
1058,"A unsplit"
1059,"A unsplit"
1063,"A unsplit"
1067,"A unsplit"
107,"A unsplit"
108,"A unsplit"
109,"A unsplit"
1094,"A unsplit"
1095,"A unsplit"
1099,"A unsplit"
110,"A unsplit"
1103,"A split"
1105,"A unsplit"
1108,"A unsplit"
1116,"A unsplit"
112,"A unsplit"
1128,"A unsplit"
1129,"A unsplit"
113,"A unsplit"
1130,"A unsplit"
1134,"A unsplit"
1136,"A unsplit"
1142,"A unsplit"
1143,"A unsplit"
1144,"A unsplit"
1146,"A unsplit"
1155,"A unsplit"
116,"A unsplit"
1163,"A unsplit"
1169,"A unsplit"
1172,"A unsplit"
1176,"A unsplit"
1177,"A unsplit"
118,"A unsplit"
1183,"A unsplit"
12,"A unsplit"
123,"A unsplit"
1234,"A unsplit"
124,"A unsplit"
125,"A unsplit"
1255,"A unsplit"
1257,"A unsplit"
1261,"A unsplit"
1262,"A unsplit"
1263,"A split"
1264,"A unsplit"
1272,"A unsplit"
1276,"A unsplit"
129,"A unsplit"
1293,"A unsplit"
130,"A unsplit"
1302,"A unsplit"
1323,"A unsplit"
1333,"A split"
1335,"A split"
134,"A unsplit"
1343,"A unsplit"
1348,"A unsplit"
135,"A unsplit"
136,"A unsplit"
1364,"A split"
138,"A unsplit"
1388,"A unsplit"
139,"A unsplit"
14,"A unsplit"
140,"A unsplit"
141,"A unsplit"
1413,"A unsplit"
1414,"A unsplit"
1416,"A unsplit"
142,"A unsplit"
1439,"A unsplit"
144,"A unsplit"
1468,"A unsplit"
147,"A unsplit"
1473,"A unsplit"
148,"A unsplit"
1487,"A unsplit"
149,"A unsplit"
1492,"A unsplit"
15,"A unsplit"
150,"A unsplit"
1505,"A unsplit"
1508,"A unsplit"
1511,"A unsplit"
1517,"A unsplit"
1518,"A unsplit"
1523,"A unsplit"
1528,"A unsplit"
1528,"A unsplit"
1531,"A split"
1533,"A unsplit"
1536,"A unsplit"
1538,"A unsplit"
154,"A unsplit"
1542,"A split"
155,"A split"
1556,"A unsplit"
156,"A unsplit"
157,"A unsplit"
1573,"A unsplit"
1577,"A unsplit"
1578,"A unsplit"
159,"A unsplit"
1592,"A unsplit"
1597,"A unsplit"
1600,"A unsplit"
162,"A unsplit"
1621,"A unsplit"
1623,"A unsplit"
1628,"A unsplit"
1644,"A unsplit"
1645,"A unsplit"
165,"A unsplit"
1650,"A unsplit"
166,"A unsplit"
1660,"A unsplit"
167,"A unsplit"
1671,"A unsplit"
1682,"A unsplit"
169,"A unsplit"
169,"A unsplit"
1691,"A unsplit"
1692,"A unsplit"
17,"A unsplit"
170,"A unsplit"
1702,"A unsplit"
1703,"A unsplit"
1709,"A unsplit"
171,"A unsplit"
172,"A unsplit"
173,"A split"
1739,"A unsplit"
1743,"A unsplit"
1744,"A split"
175,"A unsplit"
1750,"A unsplit"
1751,"A unsplit"
176,"A unsplit"
1763,"A unsplit"
1772,"A split"
1775,"A unsplit"
1778,"A unsplit"
1784,"A unsplit"
179,"A unsplit"
1791,"A unsplit"
1806,"A unsplit"
181,"A unsplit"
1810,"A unsplit"
1816,"A split"
1826,"A unsplit"
1827,"A unsplit"
1833,"A unsplit"
1835,"A unsplit"
188,"A unsplit"
1887,"A unsplit"
1896,"A unsplit"
1902,"A unsplit"
191,"A unsplit"
1914,"A unsplit"
193,"A split"
1940,"A unsplit"
1944,"A unsplit"
1947,"A split"
1949,"A unsplit"
1952,"A unsplit"
1954,"A unsplit"
1961,"A unsplit"
1964,"A unsplit"
197,"A unsplit"
198,"A unsplit"
1989,"A unsplit"
199,"A unsplit"
1991,"A unsplit"
1999,"A unsplit"
20,"A unsplit"
2007,"A unsplit"
201,"A unsplit"
2015,"A unsplit"
2016,"A unsplit"
2023,"A unsplit"
2028,"A unsplit"
2029,"A unsplit"
2031,"A unsplit"
2035,"A unsplit"
2047,"A unsplit"
2054,"A unsplit"
2060,"A unsplit"
2063,"A unsplit"
2072,"A unsplit"
2081,"A unsplit"
2081,"A split"
209,"A unsplit"
2093,"A unsplit"
2096,"A unsplit"
2098,"A unsplit"
21,"A unsplit"
210,"A split"
2102,"A unsplit"
211,"A unsplit"
2124,"A unsplit"
2132,"A unsplit"
2144,"A unsplit"
2148,"A unsplit"
2150,"A unsplit"
2153,"A unsplit"
2169,"A unsplit"
2172,"A unsplit"
2173,"A unsplit"
2189,"A unsplit"
2190,"A unsplit"
2194,"A unsplit"
22,"A unsplit"
2209,"A unsplit"
2210,"A unsplit"
2218,"A unsplit"
2225,"A split"
2227,"A unsplit"
223,"A split"
2233,"A split"
225,"A unsplit"
2251,"A unsplit"
2255,"A unsplit"
2259,"A unsplit"
2268,"A unsplit"
2271,"A unsplit"
2272,"A unsplit"
228,"A unsplit"
2285,"A unsplit"
2289,"A unsplit"
2290,"A unsplit"
2291,"A unsplit"
23,"A unsplit"
2306,"A unsplit"
2308,"A unsplit"
2313,"A unsplit"
2322,"A unsplit"
2335,"A unsplit"
2359,"A unsplit"
2360,"A split"
2371,"A split"
2378,"A unsplit"
2391,"A unsplit"
2402,"A unsplit"
2416,"A unsplit"
2416,"A split"
2417,"A unsplit"
2434,"A unsplit"
2453,"A unsplit"
2455,"A unsplit"
2459,"A unsplit"
2471,"A unsplit"
2498,"A unsplit"
25,"A unsplit"
2500,"A unsplit"
2513,"A unsplit"
2514,"A unsplit"
2536,"A unsplit"
2537,"A unsplit"
2539,"A unsplit"
2544,"A unsplit"
2548,"A unsplit"
2554,"A unsplit"
2556,"A unsplit"
2557,"A unsplit"
2562,"A split"
2564,"A unsplit"
2580,"A unsplit"
2586,"A unsplit"
2591,"A unsplit"
26,"A unsplit"
2607,"A unsplit"
2617,"A unsplit"
2628,"A unsplit"
2638,"A unsplit"
2641,"A unsplit"
2645,"A unsplit"
2657,"A unsplit"
2662,"A unsplit"
2667,"A unsplit"
2681,"A unsplit"
2681,"A split"
2690,"A unsplit"
2695,"A unsplit"
27,"A unsplit"
2706,"A unsplit"
2707,"A unsplit"
2722,"A split"
2723,"A split"
2726,"A unsplit"
2727,"A unsplit"
2729,"A unsplit"
2736,"A unsplit"
2761,"A unsplit"
2761,"A split"
2770,"A split"
2772,"A unsplit"
2790,"A unsplit"
2801,"A unsplit"
2814,"A unsplit"
2828,"A unsplit"
2831,"A unsplit"
2832,"A unsplit"
2848,"A unsplit"
2854,"A unsplit"
2862,"A split"
2863,"A unsplit"
2864,"A unsplit"
2865,"A unsplit"
2869,"A unsplit"
2871,"A unsplit"
2873,"A unsplit"
2878,"A unsplit"
2882,"A unsplit"
2883,"A unsplit"
2883,"A split"
2885,"A unsplit"
2886,"A unsplit"
2886,"A split"
2893,"A unsplit"
2897,"A unsplit"
29,"A unsplit"
2900,"A unsplit"
2903,"A unsplit"
2904,"A unsplit"
2918,"A unsplit"
2918,"A split"
2919,"A unsplit"
2919,"A split"
2920,"A split"
2922,"A unsplit"
2922,"A split"
2923,"A unsplit"
2923,"A split"
2924,"A unsplit"
2924,"A split"
2925,"A unsplit"
2925,"A split"
2927,"A unsplit"
2927,"A split"
2929,"A unsplit"
2929,"A split"
2930,"A unsplit"
2934,"A unsplit"
2935,"A unsplit"
2939,"A unsplit"
2943,"A unsplit"
2951,"A unsplit"
2954,"A unsplit"
2958,"A unsplit"
2969,"A unsplit"
2971,"A unsplit"
2972,"A unsplit"
2973,"A unsplit"
2974,"A unsplit"
2975,"A unsplit"
2980,"A unsplit"
2982,"A unsplit"
2983,"A unsplit"
2984,"A unsplit"
2987,"A unsplit"
2989,"A unsplit"
299,"A unsplit"
2990,"A unsplit"
2992,"A unsplit"
2993,"A unsplit"
2994,"A unsplit"
2997,"A unsplit"
3006,"A unsplit"
3009,"A unsplit"
3012,"A unsplit"
3015,"A unsplit"
3018,"A unsplit"
3022,"A unsplit"
3024,"A unsplit"
3028,"A unsplit"
3032,"A unsplit"
3037,"A unsplit"
3038,"A unsplit"
3039,"A unsplit"
3040,"A unsplit"
3042,"A unsplit"
3044,"A unsplit"
3045,"A unsplit"
3046,"A unsplit"
3047,"A unsplit"
3049,"A unsplit"
3051,"A unsplit"
3052,"A unsplit"
3053,"A unsplit"
3054,"A unsplit"
3058,"A unsplit"
3059,"A unsplit"
3060,"A unsplit"
3062,"A unsplit"
3063,"A unsplit"
3064,"A split"
3070,"A unsplit"
3072,"A unsplit"
3075,"A unsplit"
3081,"A unsplit"
3085,"A unsplit"
3092,"A unsplit"
3093,"A unsplit"
3095,"A unsplit"
3096,"A unsplit"
31,"A unsplit"
317,"A unsplit"
318,"A unsplit"
319,"A unsplit"
32,"A unsplit"
3206,"A unsplit"
322,"A unsplit"
323,"A unsplit"
324,"A unsplit"
325,"A unsplit"
328,"A unsplit"
331,"A unsplit"
332,"A unsplit"
333,"A unsplit"
337,"A unsplit"
339,"A unsplit"
34,"A unsplit"
340,"A unsplit"
343,"A unsplit"
344,"A unsplit"
345,"A unsplit"
347,"A unsplit"
348,"A unsplit"
349,"A unsplit"
35,"A split"
351,"A unsplit"
352,"A unsplit"
354,"A unsplit"
355,"A unsplit"
356,"A unsplit"
357,"A unsplit"
358,"A unsplit"
359,"A unsplit"
36,"A unsplit"
361,"A unsplit"
364,"A unsplit"
365,"A unsplit"
367,"A unsplit"
369,"A unsplit"
372,"A unsplit"
373,"A unsplit"
374,"A unsplit"
377,"A unsplit"
378,"A unsplit"
379,"A unsplit"
38,"A unsplit"
383,"A unsplit"
384,"A split"
385,"A unsplit"
386,"A unsplit"
387,"A unsplit"
388,"A unsplit"
390,"A unsplit"
391,"A split"
393,"A unsplit"
398,"A unsplit"
399,"A unsplit"
401,"A unsplit"
403,"A unsplit"
404,"A unsplit"
407,"A unsplit"
408,"A split"
409,"A unsplit"
414,"A unsplit"
416,"A split"
417,"A unsplit"
419,"A unsplit"
421,"A unsplit"
422,"A unsplit"
424,"A split"
426,"A unsplit"
429,"A unsplit"
433,"A unsplit"
434,"A unsplit"
437,"A unsplit"
438,"A unsplit"
443,"A unsplit"
444,"A unsplit"
45,"A split"
454,"A unsplit"
456,"A unsplit"
460,"A unsplit"
463,"A unsplit"
464,"A unsplit"
465,"A unsplit"
466,"A unsplit"
468,"A unsplit"
469,"A unsplit"
47,"A unsplit"
471,"A unsplit"
475,"A unsplit"
480,"A unsplit"
486,"A unsplit"
488,"A unsplit"
49,"A unsplit"
492,"A unsplit"
493,"A unsplit"
494,"A unsplit"
495,"A unsplit"
497,"A unsplit"
499,"A unsplit"
50,"A unsplit"
500,"A unsplit"
502,"A unsplit"
503,"A unsplit"
504,"A unsplit"
505,"A unsplit"
51,"A unsplit"
512,"A unsplit"
514,"A unsplit"
515,"A unsplit"
516,"A unsplit"
518,"A unsplit"
520,"A unsplit"
523,"A unsplit"
526,"A unsplit"
527,"A unsplit"
528,"A unsplit"
53,"A unsplit"
530,"A split"
531,"A unsplit"
533,"A unsplit"
534,"A unsplit"
535,"A unsplit"
536,"A unsplit"
54,"A unsplit"
540,"A unsplit"
546,"A unsplit"
549,"A unsplit"
550,"A unsplit"
555,"A unsplit"
558,"A unsplit"
559,"A unsplit"
56,"A unsplit"
567,"A unsplit"
568,"A unsplit"
569,"A unsplit"
57,"A unsplit"
571,"A unsplit"
572,"A unsplit"
576,"A unsplit"
580,"A split"
581,"A unsplit"
583,"A unsplit"
59,"A unsplit"
608,"A unsplit"
61,"A unsplit"
614,"A unsplit"
616,"A unsplit"
618,"A unsplit"
629,"A unsplit"
63,"A unsplit"
632,"A unsplit"
634,"A unsplit"
635,"A unsplit"
637,"A unsplit"
64,"A split"
640,"A unsplit"
642,"A unsplit"
643,"A unsplit"
645,"A unsplit"
648,"A unsplit"
649,"A unsplit"
65,"A unsplit"
654,"A unsplit"
655,"A split"
656,"A unsplit"
658,"A split"
659,"A split"
66,"A split"
660,"A split"
662,"A unsplit"
663,"A unsplit"
664,"A split"
667,"A split"
669,"A unsplit"
673,"A unsplit"
674,"A split"
676,"A unsplit"
678,"A unsplit"
679,"A unsplit"
68,"A unsplit"
681,"A unsplit"
682,"A unsplit"
686,"A unsplit"
687,"A unsplit"
688,"A unsplit"
7,"A unsplit"
71,"A split"
717,"A unsplit"
718,"A unsplit"
72,"A split"
722,"A split"
726,"A unsplit"
727,"A unsplit"
73,"A unsplit"
738,"A unsplit"
74,"A unsplit"
740,"A unsplit"
748,"A unsplit"
75,"A unsplit"
750,"A unsplit"
752,"A unsplit"
763,"A unsplit"
78,"A unsplit"
785,"A unsplit"
79,"A unsplit"
791,"A unsplit"
808,"A split"
815,"A unsplit"
820,"A unsplit"
824,"A unsplit"
84,"A split"
842,"A unsplit"
844,"A unsplit"
848,"A unsplit"
85,"A unsplit"
851,"A unsplit"
87,"A unsplit"
871,"A unsplit"
872,"A unsplit"
879,"A unsplit"
88,"A split"
883,"A split"
885,"A unsplit"
89,"A unsplit"
894,"A unsplit"
9,"A unsplit"
90,"A unsplit"
904,"A unsplit"
908,"A split"
915,"A unsplit"
918,"A split"
923,"A unsplit"
93,"A unsplit"
938,"A unsplit"
943,"A unsplit"
956,"A unsplit"
957,"A unsplit"
968,"A unsplit"
970,"A split"
98,"A unsplit"
99,"A unsplit"
99,"A unsplit"
995,"A unsplit"
10,"O unsplit"
100,"O split"
101,"O unsplit"
1010,"O unsplit"
1014,"O split"
1018,"O split"
103,"O unsplit"
104,"O unsplit"
1042,"O unsplit"
1053,"O unsplit"
1054,"O unsplit"
1056,"O unsplit"
1058,"O split"
1059,"O split"
1063,"O split"
1067,"O split"
107,"O unsplit"
108,"O unsplit"
109,"O unsplit"
1094,"O split"
1095,"O split"
1099,"O unsplit"
110,"O split"
1103,"O split"
1105,"O unsplit"
1108,"O unsplit"
1116,"O unsplit"
112,"O split"
1128,"O unsplit"
1129,"O unsplit"
113,"O unsplit"
1130,"O split"
1134,"O unsplit"
1136,"O unsplit"
1142,"O unsplit"
1143,"O unsplit"
1144,"O unsplit"
1146,"O unsplit"
1155,"O unsplit"
116,"O unsplit"
1163,"O split"
1169,"O split"
1172,"O unsplit"
1176,"O unsplit"
1177,"O unsplit"
118,"O unsplit"
1183,"O unsplit"
12,"O unsplit"
123,"O unsplit"
1234,"O split"
124,"O split"
125,"O unsplit"
1255,"O unsplit"
1257,"O unsplit"
1261,"O unsplit"
1262,"O unsplit"
1263,"O unsplit"
1264,"O unsplit"
1272,"O unsplit"
1276,"O split"
129,"O unsplit"
1293,"O split"
130,"O unsplit"
1302,"O unsplit"
1323,"O unsplit"
1333,"O unsplit"
1335,"O split"
134,"O unsplit"
1343,"O split"
1348,"O unsplit"
135,"O unsplit"
136,"O split"
1364,"O unsplit"
138,"O unsplit"
1388,"O unsplit"
139,"O split"
14,"O unsplit"
140,"O unsplit"
141,"O unsplit"
1413,"O unsplit"
1414,"O unsplit"
1416,"O split"
142,"O split"
1439,"O unsplit"
144,"O unsplit"
1468,"O unsplit"
147,"O unsplit"
1473,"O split"
148,"O unsplit"
1487,"O split"
149,"O unsplit"
1492,"O split"
15,"O unsplit"
150,"O split"
1505,"O unsplit"
1508,"O split"
1511,"O split"
1517,"O unsplit"
1518,"O unsplit"
1523,"O split"
1528,"O unsplit"
1528,"O split"
1531,"O unsplit"
1533,"O split"
1536,"O unsplit"
1538,"O unsplit"
154,"O unsplit"
1542,"O unsplit"
155,"O unsplit"
1556,"O split"
156,"O unsplit"
157,"O unsplit"
1573,"O unsplit"
1577,"O split"
1578,"O unsplit"
159,"O split"
1592,"O split"
1597,"O unsplit"
1600,"O unsplit"
162,"O unsplit"
1621,"O unsplit"
1623,"O unsplit"
1628,"O unsplit"
1644,"O unsplit"
1645,"O split"
165,"O split"
1650,"O unsplit"
166,"O unsplit"
1660,"O unsplit"
167,"O unsplit"
1671,"O unsplit"
1682,"O unsplit"
169,"O split"
169,"O unsplit"
1691,"O split"
1692,"O split"
17,"O split"
170,"O unsplit"
1702,"O unsplit"
1703,"O unsplit"
1709,"O unsplit"
171,"O unsplit"
172,"O unsplit"
173,"O split"
1739,"O split"
1743,"O unsplit"
1744,"O split"
175,"O unsplit"
1750,"O split"
1751,"O unsplit"
176,"O unsplit"
1763,"O split"
1772,"O split"
1775,"O unsplit"
1778,"O unsplit"
1784,"O unsplit"
179,"O unsplit"
1791,"O unsplit"
1806,"O unsplit"
181,"O unsplit"
1810,"O unsplit"
1816,"O unsplit"
1826,"O unsplit"
1827,"O unsplit"
1833,"O unsplit"
1835,"O unsplit"
188,"O split"
1887,"O unsplit"
1896,"O unsplit"
1902,"O unsplit"
191,"O unsplit"
1914,"O unsplit"
193,"O split"
1940,"O unsplit"
1944,"O split"
1947,"O unsplit"
1949,"O unsplit"
1952,"O unsplit"
1954,"O split"
1961,"O unsplit"
1964,"O split"
197,"O unsplit"
198,"O unsplit"
1989,"O unsplit"
199,"O unsplit"
1991,"O unsplit"
1999,"O unsplit"
20,"O unsplit"
2007,"O unsplit"
201,"O unsplit"
2015,"O unsplit"
2016,"O split"
2023,"O split"
2028,"O split"
2029,"O unsplit"
2031,"O unsplit"
2035,"O unsplit"
2047,"O unsplit"
2054,"O unsplit"
2060,"O unsplit"
2063,"O unsplit"
2072,"O unsplit"
2081,"O split"
2081,"O split"
209,"O unsplit"
2093,"O split"
2096,"O unsplit"
2098,"O split"
21,"O split"
210,"O split"
2102,"O split"
211,"O unsplit"
2124,"O unsplit"
2132,"O unsplit"
2144,"O unsplit"
2148,"O split"
2150,"O split"
2153,"O unsplit"
2169,"O unsplit"
2172,"O split"
2173,"O unsplit"
2189,"O unsplit"
2190,"O unsplit"
2194,"O unsplit"
22,"O unsplit"
2209,"O unsplit"
2210,"O unsplit"
2218,"O unsplit"
2225,"O split"
2227,"O split"
223,"O unsplit"
2233,"O split"
225,"O split"
2251,"O unsplit"
2255,"O unsplit"
2259,"O split"
2268,"O unsplit"
2271,"O unsplit"
2272,"O unsplit"
228,"O split"
2285,"O split"
2289,"O split"
2290,"O unsplit"
2291,"O split"
23,"O unsplit"
2306,"O split"
2308,"O unsplit"
2313,"O unsplit"
2322,"O split"
2335,"O unsplit"
2359,"O unsplit"
2360,"O split"
2371,"O split"
2378,"O unsplit"
2391,"O unsplit"
2402,"O unsplit"
2416,"O split"
2416,"O split"
2417,"O split"
2434,"O unsplit"
2453,"O unsplit"
2455,"O split"
2459,"O unsplit"
2471,"O split"
2498,"O unsplit"
25,"O split"
2500,"O unsplit"
2513,"O split"
2514,"O split"
2536,"O split"
2537,"O split"
2539,"O split"
2544,"O unsplit"
2548,"O unsplit"
2554,"O unsplit"
2556,"O unsplit"
2557,"O unsplit"
2562,"O split"
2564,"O unsplit"
2580,"O unsplit"
2586,"O unsplit"
2591,"O unsplit"
26,"O unsplit"
2607,"O split"
2617,"O unsplit"
2628,"O unsplit"
2638,"O unsplit"
2641,"O unsplit"
2645,"O split"
2657,"O split"
2662,"O split"
2667,"O unsplit"
2681,"O split"
2681,"O split"
2690,"O unsplit"
2695,"O unsplit"
27,"O unsplit"
2706,"O unsplit"
2707,"O unsplit"
2722,"O split"
2723,"O unsplit"
2726,"O unsplit"
2727,"O unsplit"
2729,"O unsplit"
2736,"O split"
2761,"O split"
2761,"O split"
2770,"O split"
2772,"O unsplit"
2790,"O unsplit"
2801,"O split"
2814,"O unsplit"
2828,"O unsplit"
2831,"O split"
2832,"O split"
2848,"O unsplit"
2854,"O split"
2862,"O unsplit"
2863,"O split"
2864,"O unsplit"
2865,"O unsplit"
2869,"O unsplit"
2871,"O unsplit"
2873,"O unsplit"
2878,"O split"
2882,"O unsplit"
2883,"O split"
2883,"O split"
2885,"O split"
2886,"O split"
2886,"O split"
2893,"O split"
2897,"O unsplit"
29,"O unsplit"
2900,"O split"
2903,"O unsplit"
2904,"O split"
2918,"O split"
2918,"O unsplit"
2919,"O split"
2919,"O unsplit"
2920,"O split"
2922,"O split"
2922,"O split"
2923,"O split"
2923,"O unsplit"
2924,"O split"
2924,"O split"
2925,"O split"
2925,"O unsplit"
2927,"O split"
2927,"O unsplit"
2929,"O split"
2929,"O split"
2930,"O split"
2934,"O unsplit"
2935,"O unsplit"
2939,"O split"
2943,"O split"
2951,"O split"
2954,"O unsplit"
2958,"O unsplit"
2969,"O unsplit"
2971,"O unsplit"
2972,"O unsplit"
2973,"O split"
2974,"O unsplit"
2975,"O split"
2980,"O unsplit"
2982,"O unsplit"
2983,"O unsplit"
2984,"O unsplit"
2987,"O split"
2989,"O unsplit"
299,"O unsplit"
2990,"O unsplit"
2992,"O split"
2993,"O unsplit"
2994,"O unsplit"
2997,"O unsplit"
3006,"O split"
3009,"O split"
3012,"O split"
3015,"O split"
3018,"O unsplit"
3022,"O split"
3024,"O split"
3028,"O unsplit"
3032,"O split"
3037,"O unsplit"
3038,"O split"
3039,"O split"
3040,"O unsplit"
3042,"O unsplit"
3044,"O split"
3045,"O split"
3046,"O split"
3047,"O unsplit"
3049,"O unsplit"
3051,"O unsplit"
3052,"O split"
3053,"O split"
3054,"O unsplit"
3058,"O unsplit"
3059,"O unsplit"
3060,"O unsplit"
3062,"O unsplit"
3063,"O unsplit"
3064,"O unsplit"
3070,"O unsplit"
3072,"O unsplit"
3075,"O unsplit"
3081,"O unsplit"
3085,"O unsplit"
3092,"O unsplit"
3093,"O unsplit"
3095,"O split"
3096,"O unsplit"
31,"O unsplit"
317,"O unsplit"
318,"O unsplit"
319,"O unsplit"
32,"O unsplit"
3206,"O unsplit"
322,"O split"
323,"O unsplit"
324,"O split"
325,"O split"
328,"O unsplit"
331,"O unsplit"
332,"O unsplit"
333,"O unsplit"
337,"O unsplit"
339,"O unsplit"
34,"O unsplit"
340,"O split"
343,"O unsplit"
344,"O unsplit"
345,"O unsplit"
347,"O unsplit"
348,"O unsplit"
349,"O unsplit"
35,"O unsplit"
351,"O unsplit"
352,"O unsplit"
354,"O unsplit"
355,"O unsplit"
356,"O unsplit"
357,"O unsplit"
358,"O unsplit"
359,"O unsplit"
36,"O unsplit"
361,"O unsplit"
364,"O unsplit"
365,"O split"
367,"O unsplit"
369,"O unsplit"
372,"O unsplit"
373,"O split"
374,"O unsplit"
377,"O unsplit"
378,"O unsplit"
379,"O unsplit"
38,"O unsplit"
383,"O unsplit"
384,"O split"
385,"O unsplit"
386,"O unsplit"
387,"O split"
388,"O unsplit"
390,"O unsplit"
391,"O split"
393,"O unsplit"
398,"O unsplit"
399,"O unsplit"
401,"O unsplit"
403,"O split"
404,"O unsplit"
407,"O split"
408,"O split"
409,"O unsplit"
414,"O unsplit"
416,"O split"
417,"O unsplit"
419,"O split"
421,"O split"
422,"O unsplit"
424,"O unsplit"
426,"O unsplit"
429,"O split"
433,"O unsplit"
434,"O split"
437,"O unsplit"
438,"O unsplit"
443,"O unsplit"
444,"O unsplit"
45,"O split"
454,"O split"
456,"O split"
460,"O unsplit"
463,"O unsplit"
464,"O split"
465,"O unsplit"
466,"O unsplit"
468,"O split"
469,"O split"
47,"O unsplit"
471,"O split"
475,"O unsplit"
480,"O unsplit"
486,"O unsplit"
488,"O unsplit"
49,"O unsplit"
492,"O unsplit"
493,"O split"
494,"O unsplit"
495,"O unsplit"
497,"O unsplit"
499,"O unsplit"
50,"O unsplit"
500,"O unsplit"
502,"O split"
503,"O split"
504,"O split"
505,"O unsplit"
51,"O unsplit"
512,"O unsplit"
514,"O unsplit"
515,"O split"
516,"O unsplit"
518,"O split"
520,"O unsplit"
523,"O unsplit"
526,"O unsplit"
527,"O unsplit"
528,"O unsplit"
53,"O unsplit"
530,"O unsplit"
531,"O unsplit"
533,"O unsplit"
534,"O unsplit"
535,"O split"
536,"O split"
54,"O unsplit"
540,"O unsplit"
546,"O unsplit"
549,"O split"
550,"O unsplit"
555,"O unsplit"
558,"O split"
559,"O unsplit"
56,"O unsplit"
567,"O unsplit"
568,"O unsplit"
569,"O split"
57,"O split"
571,"O unsplit"
572,"O unsplit"
576,"O unsplit"
580,"O split"
581,"O split"
583,"O split"
59,"O unsplit"
608,"O unsplit"
61,"O unsplit"
614,"O unsplit"
616,"O unsplit"
618,"O unsplit"
629,"O split"
63,"O unsplit"
632,"O unsplit"
634,"O unsplit"
635,"O unsplit"
637,"O unsplit"
64,"O split"
640,"O split"
642,"O split"
643,"O split"
645,"O unsplit"
648,"O unsplit"
649,"O unsplit"
65,"O split"
654,"O unsplit"
655,"O unsplit"
656,"O split"
658,"O unsplit"
659,"O split"
66,"O split"
660,"O split"
662,"O split"
663,"O split"
664,"O split"
667,"O split"
669,"O unsplit"
673,"O unsplit"
674,"O unsplit"
676,"O unsplit"
678,"O split"
679,"O split"
68,"O split"
681,"O split"
682,"O unsplit"
686,"O unsplit"
687,"O unsplit"
688,"O unsplit"
7,"O unsplit"
71,"O split"
717,"O split"
718,"O unsplit"
72,"O split"
722,"O unsplit"
726,"O split"
727,"O split"
73,"O unsplit"
738,"O unsplit"
74,"O split"
740,"O split"
748,"O split"
75,"O split"
750,"O unsplit"
752,"O split"
763,"O unsplit"
78,"O split"
785,"O split"
79,"O split"
791,"O split"
808,"O split"
815,"O split"
820,"O unsplit"
824,"O unsplit"
84,"O split"
842,"O split"
844,"O split"
848,"O split"
85,"O split"
851,"O split"
87,"O split"
871,"O split"
872,"O unsplit"
879,"O unsplit"
88,"O unsplit"
883,"O split"
885,"O unsplit"
89,"O unsplit"
894,"O unsplit"
9,"O unsplit"
90,"O unsplit"
904,"O unsplit"
908,"O unsplit"
915,"O unsplit"
918,"O split"
923,"O unsplit"
93,"O unsplit"
938,"O unsplit"
943,"O split"
956,"O unsplit"
957,"O unsplit"
968,"O unsplit"
970,"O split"
98,"O unsplit"
99,"O unsplit"
99,"O split"
995,"O unsplit"
